{"mean": [0.4759358048439026, 0.47074647843837736, 0.4260489195585251], "std": [0.19837732911109923, 0.19288249909877778, 0.19664539992809296]}